-- language: sql
CREATE TABLE  "ANGAJAT" 
   (	"ID_ANGAJAT" NUMBER(9,0) NOT NULL ENABLE, 
	"NUME" VARCHAR2(20) NOT NULL ENABLE, 
	"PRENUME" VARCHAR2(20) NOT NULL ENABLE, 
	"DATA_NASTERE" DATE NOT NULL ENABLE, 
	"ADRESA" VARCHAR2(100) NOT NULL ENABLE, 
	"LOCALITATE" VARCHAR2(30) NOT NULL ENABLE, 
	"CODPOSTAL" VARCHAR2(6) NOT NULL ENABLE, 
	"ID_DEPARTAMENT" NUMBER(3,0) NOT NULL ENABLE, 
	"ID_SEDIU" NUMBER(9,0) NOT NULL ENABLE, 
	 CONSTRAINT "ANGAJAT_PK" PRIMARY KEY ("ID_ANGAJAT") ENABLE
   )

CREATE TABLE  "CARTE_DE_MUNCA" 
   (	"ID" NUMBER(9,0) NOT NULL ENABLE, 
	"CUI_FIRMA" NUMBER(9,0) NOT NULL ENABLE, 
	"ID_ANGAJAT" NUMBER(9,0) NOT NULL ENABLE, 
	"DATA_ANGAJARE" DATE NOT NULL ENABLE, 
	"DATA_SFARSIT" DATE NOT NULL ENABLE, 
	"DETALII" VARCHAR2(200), 
	 CONSTRAINT "CARTE_DE_MUNCA_PK" PRIMARY KEY ("ID") ENABLE
   )

CREATE TABLE  "CHELTUIALA" 
   (	"ID_CHELTUIALA" NUMBER(5,0) NOT NULL ENABLE, 
	"ID_EVIDENTA" NUMBER(5,0) NOT NULL ENABLE, 
	"VAL_CHELTUIALA" NUMBER(5,0) NOT NULL ENABLE, 
	"DESCRIERE" VARCHAR2(100) NOT NULL ENABLE, 
	 CONSTRAINT "CHELTUIALA_PK" PRIMARY KEY ("ID_CHELTUIALA") ENABLE
   )


CREATE TABLE  "CLIENT" 
   (	"NUME" VARCHAR2(30), 
	"PRENUME" VARCHAR2(30), 
	"TELEFON" VARCHAR2(15) NOT NULL ENABLE, 
	"CNP" NUMBER(13,0), 
	"LOCALITATE" VARCHAR2(30) NOT NULL ENABLE, 
	"STRADA" VARCHAR2(30) NOT NULL ENABLE, 
	"NUMAR" VARCHAR2(4) NOT NULL ENABLE, 
	"BLOC" VARCHAR2(4), 
	"APARTAMENT" VARCHAR2(4), 
	"CODPOSTAL" VARCHAR2(6), 
	 CONSTRAINT "CLIENT_CON" PRIMARY KEY ("CNP") ENABLE
   )

CREATE TABLE  "COMPANIE" 
   (	"CUI" NUMBER(10,0) NOT NULL ENABLE, 
	"NR_INMATRICULARE" VARCHAR2(10) NOT NULL ENABLE, 
	"NUME_COMPANIE" VARCHAR2(20) NOT NULL ENABLE, 
	"DETALII" VARCHAR2(50) NOT NULL ENABLE, 
	"AN_INFIINTARE" NUMBER(4,0) NOT NULL ENABLE, 
	 CONSTRAINT "COMPANIE_PK" PRIMARY KEY ("CUI") ENABLE
   )


CREATE TABLE  "CONTRACT" 
   (	"ID_CONTRACT" NUMBER(5,0) NOT NULL ENABLE, 
	"ID_CLIENT" NUMBER(5,0) NOT NULL ENABLE, 
	"ID_SEDIU" NUMBER(5,0) NOT NULL ENABLE, 
	"ID_ANGAJAT" NUMBER(5,0) NOT NULL ENABLE, 
	"ID_MASINA" NUMBER(5,0) NOT NULL ENABLE, 
	"DATA_INTOCMIRE" DATE NOT NULL ENABLE, 
	"VALOARE" NUMBER(6,0) NOT NULL ENABLE, 
	"GARANTIE" NUMBER(2,0) NOT NULL ENABLE, 
	"DESCRIERE" VARCHAR2(100) NOT NULL ENABLE, 
	 CONSTRAINT "CONTRACT_PK" PRIMARY KEY ("ID_CONTRACT") ENABLE
   )

CREATE TABLE  "DEPARTAMENT" 
   (	"ID_DEPARTAMENT" NUMBER(3,0) NOT NULL ENABLE, 
	"DENUMIRE" VARCHAR2(30) NOT NULL ENABLE, 
	 CONSTRAINT "DEPARTAMENT_PK" PRIMARY KEY ("ID_DEPARTAMENT") ENABLE
   )


CREATE TABLE  "EVIDENTA_CONTABILA" 
   (	"ID_EVIDENTA" NUMBER(5,0) NOT NULL ENABLE, 
	"DATA_INCEPUT" DATE NOT NULL ENABLE, 
	"DATA_SFARSIT" DATE NOT NULL ENABLE, 
	 CONSTRAINT "EVIDENTA_CONTABILA_PK" PRIMARY KEY ("ID_EVIDENTA") ENABLE
   )


CREATE TABLE  "LOCALITATE" 
   (	"ID_LOCALITATE" NUMBER(3,0) NOT NULL ENABLE, 
	"NUME_LOCALITATE" VARCHAR2(30) NOT NULL ENABLE, 
	"ID_TARA" NUMBER NOT NULL ENABLE, 
	 CONSTRAINT "LOCALITATE_PK" PRIMARY KEY ("ID_LOCALITATE") ENABLE
   )


CREATE TABLE  "MASINA" 
   (	"ID_MASINA" NUMBER(5,0) NOT NULL ENABLE, 
	"MARCA" VARCHAR2(15) NOT NULL ENABLE, 
	"MODEL" VARCHAR2(15) NOT NULL ENABLE, 
	"CULOARE" VARCHAR2(15) NOT NULL ENABLE, 
	"PRET" NUMBER(6,0) NOT NULL ENABLE, 
	"STOC" NUMBER(3,0) NOT NULL ENABLE, 
	"DETALII" VARCHAR2(100) NOT NULL ENABLE, 
	 CONSTRAINT "MASINA_PK" PRIMARY KEY ("ID_MASINA") ENABLE
   )

CREATE TABLE  "SEDIU" 
   (	"ID_SEDIU" NUMBER(5,0) NOT NULL ENABLE, 
	"ID_LOCALITATE" NUMBER(9,0) NOT NULL ENABLE, 
	"ADRESA" VARCHAR2(50) NOT NULL ENABLE, 
	"TELEFON" VARCHAR2(15) NOT NULL ENABLE, 
	"CODPOSTAL" NUMBER(6,0), 
	"DETALII" NUMBER, 
	 CONSTRAINT "SEDIU_PK" PRIMARY KEY ("ID_SEDIU") ENABLE
   )

CREATE TABLE  "TARA" 
   (	"ID_TARA" NUMBER(3,0) NOT NULL ENABLE, 
	"NUME_TARA" VARCHAR2(30) NOT NULL ENABLE, 
	 CONSTRAINT "TARA_PK" PRIMARY KEY ("ID_TARA") ENABLE
   )

CREATE TABLE  "VENIT" 
   (	"ID_VENIT" NUMBER(5,0) NOT NULL ENABLE, 
	"ID_EVIDENTA" NUMBER(5,0) NOT NULL ENABLE, 
	"VAL_VENIT" NUMBER(5,0) NOT NULL ENABLE, 
	"DESCRIERE" VARCHAR2(100), 
	 CONSTRAINT "VENIT_PK" PRIMARY KEY ("ID_VENIT") ENABLE
   )


alter table "ANGAJAT" add constraint
"ANGAJAT_CON" foreign key ("ID_DEPARTAMENT") references "DEPARTAMENT" ("ID_DEPARTAMENT")

alter table "LOCALITATE" add constraint
"LOCALITATE_CON" foreign key ("ID_TARA") references "TARA" ("ID_TARA")

alter table "CARTE_DE_MUNCA" add constraint
"CARTE_DE_MUNCA_CON" foreign key ("CUI_FIRMA") references "COMPANIE" ("CUI")

alter table "CARTE_DE_MUNCA" add constraint
"CARTE_DE_MUNCA_CON2" foreign key ("ID_ANGAJAT") references "ANGAJAT" ("ID_ANGAJAT")

alter table "CHELTUIALA" add constraint
"CHELTUIALA_CON" foreign key ("ID_EVIDENTA") references "EVIDENTA_CONTABILA" ("ID_EVIDENTA")

alter table "CONTRACT" add constraint
"CONTRACT_CON1" foreign key ("ID_CLIENT") references "CLIENT" ("CNP")

alter table "CONTRACT" add constraint
"CONTRACT_CON2" foreign key ("ID_SEDIU") references "SEDIU" ("ID_SEDIU")

alter table "CONTRACT" add constraint
"CONTRACT_CON3" foreign key ("ID_ANGAJAT") references "ANGAJAT" ("ID_ANGAJAT")

alter table "CONTRACT" add constraint
"CONTRACT_CON" foreign key ("ID_MASINA") references "MASINA" ("ID_MASINA")

alter table "SEDIU" add constraint
"SEDIU_CON" foreign key ("ID_LOCALITATE") references "LOCALITATE" ("ID_LOCALITATE")

alter table "VENIT" add constraint
"VENIT_CON" foreign key ("ID_EVIDENTA") references "EVIDENTA_CONTABILA" ("ID_EVIDENTA")


INSERT INTO TARA (ID_TARA, NUME_TARA ) VALUES(1,'Romania');
INSERT INTO TARA (ID_TARA, NUME_TARA ) VALUES(6,'Ungaria');
INSERT INTO TARA (ID_TARA, NUME_TARA ) VALUES(2,'Germania');
INSERT INTO TARA (ID_TARA, NUME_TARA ) VALUES(3,'Belgia');
INSERT INTO TARA (ID_TARA, NUME_TARA ) VALUES(4,'Franta');
INSERT INTO TARA (ID_TARA, NUME_TARA ) VALUES(5,'Bulgaria');


INSERT INTO LOCALITATE (ID_LOCALITATE, NUME_LOCALITATE, ID_TARA ) VALUES (1,'Bucuresti',1);
INSERT INTO LOCALITATE (ID_LOCALITATE, NUME_LOCALITATE, ID_TARA ) VALUES (2,'Berlin',2);
INSERT INTO LOCALITATE (ID_LOCALITATE, NUME_LOCALITATE, ID_TARA ) VALUES (4,'Paris',4);
INSERT INTO LOCALITATE (ID_LOCALITATE, NUME_LOCALITATE, ID_TARA ) VALUES (6,'Budapesta',6);
INSERT INTO LOCALITATE (ID_LOCALITATE, NUME_LOCALITATE, ID_TARA ) VALUES (3,'Bruxel',3);
INSERT INTO LOCALITATE (ID_LOCALITATE, NUME_LOCALITATE, ID_TARA ) VALUES (8,'Galati',1);
INSERT INTO LOCALITATE (ID_LOCALITATE, NUME_LOCALITATE, ID_TARA ) VALUES (10,'Craiova',1);
INSERT INTO LOCALITATE (ID_LOCALITATE, NUME_LOCALITATE, ID_TARA ) VALUES (12,'Lyon',4);
INSERT INTO LOCALITATE (ID_LOCALITATE, NUME_LOCALITATE, ID_TARA ) VALUES (7,'Iasi',1);
INSERT INTO LOCALITATE (ID_LOCALITATE, NUME_LOCALITATE, ID_TARA ) VALUES (9,'Timisoara',1);
INSERT INTO LOCALITATE (ID_LOCALITATE, NUME_LOCALITATE, ID_TARA ) VALUES (5,'Sofia',5);
INSERT INTO LOCALITATE (ID_LOCALITATE, NUME_LOCALITATE, ID_TARA ) VALUES (11,'Sibiu',1);


INSERT INTO SEDIU (ID_SEDIU, ID_LOCALITATE, ADRESA, TELEFON, CODPOSTAL, DETALII) VALUES (3,12,'31 avenue du général Leclerc','33 2661 1382661',69000,'');
INSERT INTO SEDIU (ID_SEDIU, ID_LOCALITATE, ADRESA, TELEFON, CODPOSTAL, DETALII) VALUES (8,6,'Nacy Rio','9.83457E+12',893426,'');
INSERT INTO SEDIU (ID_SEDIU, ID_LOCALITATE, ADRESA, TELEFON, CODPOSTAL, DETALII) VALUES (1,1,'Calea Alexandru cel Bun\, nr 75','730273478',737027,'');
INSERT INTO SEDIU (ID_SEDIU, ID_LOCALITATE, ADRESA, TELEFON, CODPOSTAL, DETALII) VALUES (5,2,'Paula-Thiede-Ufer 10','49 30 219653712',10179,'');
INSERT INTO SEDIU (ID_SEDIU, ID_LOCALITATE, ADRESA, TELEFON, CODPOSTAL, DETALII) VALUES (2,8,'Str. Bucuria\, nr732','782847432',729387,'');
INSERT INTO SEDIU (ID_SEDIU, ID_LOCALITATE, ADRESA, TELEFON, CODPOSTAL, DETALII) VALUES (4,2,'DGB-Haus\, Kapweg 4','4.93221E+12',13405,'');
INSERT INTO SEDIU (ID_SEDIU, ID_LOCALITATE, ADRESA, TELEFON, CODPOSTAL, DETALII) VALUES (6,7,'Bulevardul Iorga','763438036',27638,'');
INSERT INTO SEDIU (ID_SEDIU, ID_LOCALITATE, ADRESA, TELEFON, CODPOSTAL, DETALII) VALUES (7,4,'le 12 avenue','3.39087E+11',725693,'');
INSERT INTO SEDIU (ID_SEDIU, ID_LOCALITATE, ADRESA, TELEFON, CODPOSTAL, DETALII) VALUES (9,3,'European rue\, nr56\, floor7','98346589134',245870,'');
INSERT INTO SEDIU (ID_SEDIU, ID_LOCALITATE, ADRESA, TELEFON, CODPOSTAL, DETALII) VALUES (10,10,'Pocific\, nr2\,etaj 5','765937755',877362,'');
INSERT INTO SEDIU (ID_SEDIU, ID_LOCALITATE, ADRESA, TELEFON, CODPOSTAL, DETALII) VALUES (11,11,'Blulevardul Soresc\, nr34','237482875',976435,'');
INSERT INTO SEDIU (ID_SEDIU, ID_LOCALITATE, ADRESA, TELEFON, CODPOSTAL, DETALII) VALUES (12,5,'Renisc\,nr34\,floor13','9.64576E+11',926954,'');
INSERT INTO SEDIU (ID_SEDIU, ID_LOCALITATE, ADRESA, TELEFON, CODPOSTAL, DETALII) VALUES (13,9,'Calea Stefan cel Mare\, nr26','287694365',983246,'');



INSERT INTO DEPARTAMENT (ID_DEPARTAMENT, DENUMIRE) VALUES (2,'Contabilitate');
INSERT INTO DEPARTAMENT (ID_DEPARTAMENT, DENUMIRE) VALUES (3,'Devoltare');
INSERT INTO DEPARTAMENT (ID_DEPARTAMENT, DENUMIRE) VALUES (1,'Vanzari');
INSERT INTO DEPARTAMENT (ID_DEPARTAMENT, DENUMIRE) VALUES (4,'Resurse umane');



INSERT INTO ANGAJAT (ID_ANGAJAT, NUME, PRENUME, DATA_NASTERE, ADRESA, LOCALITATE, CODPOSTAL, ID_DEPARTAMENT, ID_SEDIU) 
	VALUES (4,'Nechifor','Alex','05/25/2000','30 avenue','Lyon',30458,4,3);
INSERT INTO ANGAJAT (ID_ANGAJAT, NUME, PRENUME, DATA_NASTERE, ADRESA, LOCALITATE, CODPOSTAL, ID_DEPARTAMENT, ID_SEDIU) 
	VALUES (5,'Aurel','Aurel','10/21/1995','Bd Ferdinand nr 12','Berlin',89362,1,4);
INSERT INTO ANGAJAT (ID_ANGAJAT, NUME, PRENUME, DATA_NASTERE, ADRESA, LOCALITATE, CODPOSTAL, ID_DEPARTAMENT, ID_SEDIU) 
	VALUES (7,'Renis','Jack','08/14/1980','Robinson\,nr25\,sec5','Paris',394602,2,7);
INSERT INTO ANGAJAT (ID_ANGAJAT, NUME, PRENUME, DATA_NASTERE, ADRESA, LOCALITATE, CODPOSTAL, ID_DEPARTAMENT, ID_SEDIU) 
	VALUES (3,'Codreanu','Lucian','12/15/1990','Calea vietii\, nr 94','Bucuresti',023835,3,1);
INSERT INTO ANGAJAT (ID_ANGAJAT, NUME, PRENUME, DATA_NASTERE, ADRESA, LOCALITATE, CODPOSTAL, ID_DEPARTAMENT, ID_SEDIU) 
	VALUES (8,'Guion','Peter','09/25/2000','Tamis\,nr54','Bruxel',921863,1,9);
INSERT INTO ANGAJAT (ID_ANGAJAT, NUME, PRENUME, DATA_NASTERE, ADRESA, LOCALITATE, CODPOSTAL, ID_DEPARTAMENT, ID_SEDIU) 
	VALUES (9,'Raid','Francisc','01/30/1997','Risoco\,nr5\,sec9','Budapesta',273653,3,8);
INSERT INTO ANGAJAT (ID_ANGAJAT, NUME, PRENUME, DATA_NASTERE, ADRESA, LOCALITATE, CODPOSTAL, ID_DEPARTAMENT, ID_SEDIU) 
	VALUES (12,'Iancu','Gigel','02/06/1976','Urecheatilor\, nr901\,ap3','Sibiu',358795,2,11);
INSERT INTO ANGAJAT (ID_ANGAJAT, NUME, PRENUME, DATA_NASTERE, ADRESA, LOCALITATE, CODPOSTAL, ID_DEPARTAMENT, ID_SEDIU) 
	VALUES (13,'Frinch','Richad','06/09/1985','Depator\,nr5','Sofia',786234,2,12);
INSERT INTO ANGAJAT (ID_ANGAJAT, NUME, PRENUME, DATA_NASTERE, ADRESA, LOCALITATE, CODPOSTAL, ID_DEPARTAMENT, ID_SEDIU) 
	VALUES (1,'Popa','Ionel','12/03/1990','Pacilor\, nr 32\, ap 3','Galati',873623,2,2);
INSERT INTO ANGAJAT (ID_ANGAJAT, NUME, PRENUME, DATA_NASTERE, ADRESA, LOCALITATE, CODPOSTAL, ID_DEPARTAMENT, ID_SEDIU) 
	VALUES (2,'Fodor','Marian','04/02/1982','Calea Giurgiuveanu\, nr 4','Iasi',807852,1,6);
INSERT INTO ANGAJAT (ID_ANGAJAT, NUME, PRENUME, DATA_NASTERE, ADRESA, LOCALITATE, CODPOSTAL, ID_DEPARTAMENT, ID_SEDIU) 
	VALUES (6,'Frederich','Bonn','01/10/1998','Bd.Denufis\, nr2\, ap 234','Berlin',76321,4,5);
INSERT INTO ANGAJAT (ID_ANGAJAT, NUME, PRENUME, DATA_NASTERE, ADRESA, LOCALITATE, CODPOSTAL, ID_DEPARTAMENT, ID_SEDIU) 
	VALUES (10,'Cernat','Diana','05/24/1999','Alexandru Dumas\,nr34','Craiova',986234,4,10);
INSERT INTO ANGAJAT (ID_ANGAJAT, NUME, PRENUME, DATA_NASTERE, ADRESA, LOCALITATE, CODPOSTAL, ID_DEPARTAMENT, ID_SEDIU) 
	VALUES (11,'Furtuna','Radu','01/01/2001','Frumoasa\,nr1','Timisoara',145843,3,13);



INSERT INTO EVIDENTA_CONTABILA (ID_EVIDENTA, DATA_INCEPUT, DATA_SFARSIT ) VALUES (2,'04/05/2016','04/14/2016');
INSERT INTO EVIDENTA_CONTABILA (ID_EVIDENTA, DATA_INCEPUT, DATA_SFARSIT ) VALUES (5,'07/14/2020','08/01/2020');
INSERT INTO EVIDENTA_CONTABILA (ID_EVIDENTA, DATA_INCEPUT, DATA_SFARSIT ) VALUES (1,'05/27/2015','06/02/2015');
INSERT INTO EVIDENTA_CONTABILA (ID_EVIDENTA, DATA_INCEPUT, DATA_SFARSIT ) VALUES (3,'09/30/2017','10/28/2017');
INSERT INTO EVIDENTA_CONTABILA (ID_EVIDENTA, DATA_INCEPUT, DATA_SFARSIT ) VALUES (4,'12/06/2019','12/13/2019');



INSERT INTO VENIT (ID_VENIT, ID_EVIDENTA, VAL_VENIT, DESCRIERE ) VALUES (1, 2, 300, 'incasare');



INSERT INTO CHELTUIALA (ID_CHELTUIALA, ID_EVIDENTA, VAL_CHELTUIALA, DESCRIERE ) VALUES (1, 1, 500, 'combustibil');




INSERT INTO CLIENT ( NUME, PRENUME, TELEFON, CNP, LOCALITATE, STRADA, NUMAR, BLOC, APARTAMENT, CODPOSTAL) 
	VALUES ('Menghina','Marian',0736648395,6210409016528,'Galati','Ion Barbu',76,'3','67','340573');
INSERT INTO CLIENT ( NUME, PRENUME, TELEFON, CNP, LOCALITATE, STRADA, NUMAR, BLOC, APARTAMENT, CODPOSTAL) 
	VALUES ('Manea','Cristi',0783452246,1880415319472,'Craiova','Ion Barbu',65,'5','12','854436');
INSERT INTO CLIENT ( NUME, PRENUME, TELEFON, CNP, LOCALITATE, STRADA, NUMAR, BLOC, APARTAMENT, CODPOSTAL) 
	VALUES ('Dadacea','Mirel',0745063553,5021111375677,'Berlin','Eugeniei',5,'','','');
INSERT INTO CLIENT ( NUME, PRENUME, TELEFON, CNP, LOCALITATE, STRADA, NUMAR, BLOC, APARTAMENT, CODPOSTAL) 
	VALUES ('Ion','Filip',0728462548,1880415188271,'Bucuresti','Razboinicilor',832,'4','9','964564');
INSERT INTO CLIENT ( NUME, PRENUME, TELEFON, CNP, LOCALITATE, STRADA, NUMAR, BLOC, APARTAMENT, CODPOSTAL) 
	VALUES ('Lorea','Marinela',072349128,1880715225153,'Iasi','Opt',8,'8','8','888888');
INSERT INTO CLIENT ( NUME, PRENUME, TELEFON, CNP, LOCALITATE, STRADA, NUMAR, BLOC, APARTAMENT, CODPOSTAL) 
	VALUES ('Artene','Florinel',0204864386,1870707325504,'Sibiu','FlorilorDeMai',754,'3','99','786235');
INSERT INTO CLIENT ( NUME, PRENUME, TELEFON, CNP, LOCALITATE, STRADA, NUMAR, BLOC, APARTAMENT, CODPOSTAL) 
	VALUES ('Costache','Cozmin',0787558359,5020425375400,'Budapesta','Hohenzoler',9,'0','7','');
INSERT INTO CLIENT ( NUME, PRENUME, TELEFON, CNP, LOCALITATE, STRADA, NUMAR, BLOC, APARTAMENT, CODPOSTAL) 
	VALUES ('Stratan','Teodora',0788432776,1800206358933,'Timisoara','Timpului ',8,'32','1','963486');
INSERT INTO CLIENT ( NUME, PRENUME, TELEFON, CNP, LOCALITATE, STRADA, NUMAR, BLOC, APARTAMENT, CODPOSTAL) 
	VALUES ('Arsenie','Vasile',0723864533,7711223517268,'Bruxel','Zittau',12,'7','84','87652');
INSERT INTO CLIENT ( NUME, PRENUME, TELEFON, CNP, LOCALITATE, STRADA, NUMAR, BLOC, APARTAMENT, CODPOSTAL) 
	VALUES ('Maxim','Florica',0752675910,8801216459250,'Lyon','Rue du Noyer',64,'7','97','76534');
INSERT INTO CLIENT ( NUME, PRENUME, TELEFON, CNP, LOCALITATE, STRADA, NUMAR, BLOC, APARTAMENT, CODPOSTAL) 
	VALUES ('Caminoc','Petru',0771267129,5020524375472,'Sofia','Principala',75,'','','737027');
INSERT INTO CLIENT ( NUME, PRENUME, TELEFON, CNP, LOCALITATE, STRADA, NUMAR, BLOC, APARTAMENT, CODPOSTAL) 
	VALUES ('Gavrilescu','Raul',0724584770,5020725375835,'Paris','Afonilor Talentati',3479,'3','2','');

  

    INSERT INTO COMPANIE (CUI, NR_INMATRICULARE, NUME_COMPANIE, DETALII, AN_INFIINTARE) 
	VALUES (78618479, 'J22/2010', 'Rent SRL', 'Oferim servicii de cea mai buna calitate', 2010);

 

 INSERT INTO MASINA (ID_MASINA, MARCA, MODEL, CULOARE, PRET, STOC, DETALII) VALUES (3,'Ford','Focus','Albastru',7500,1,'an 2008\,stare buna');
 INSERT INTO MASINA (ID_MASINA, MARCA, MODEL, CULOARE, PRET, STOC, DETALII) VALUES (4,'Maseratti','Zefirus','Roz bonbon',39999,1,'an 2021\,impecabil');
 INSERT INTO MASINA (ID_MASINA, MARCA, MODEL, CULOARE, PRET, STOC, DETALII) VALUES (5,'Opel','Astra','Gri deschis',4000,1,'an 2004\,stare foarte buna');
 INSERT INTO MASINA (ID_MASINA, MARCA, MODEL, CULOARE, PRET, STOC, DETALII) VALUES (7,'VW','Passat','Negru',2959,1,'an 2000\, stare buna');
 INSERT INTO MASINA (ID_MASINA, MARCA, MODEL, CULOARE, PRET, STOC, DETALII) VALUES (9,'Porsche','Cayenne','Negru',18000,1,'an 2019\, Noua');
 INSERT INTO MASINA (ID_MASINA, MARCA, MODEL, CULOARE, PRET, STOC, DETALII) VALUES (2,'Mercedes-Benz','C220','Alb',20000,1,'An 2012\,stare buna');
 INSERT INTO MASINA (ID_MASINA, MARCA, MODEL, CULOARE, PRET, STOC, DETALII) VALUES (8,'Dacia','Logan','Galben',1000,1,'an 2010\,gaz\,buna');
 INSERT INTO MASINA (ID_MASINA, MARCA, MODEL, CULOARE, PRET, STOC, DETALII) VALUES (10,'Ford','Mustang','Rosu',30000,1,'Noua\,an 2000');
 INSERT INTO MASINA (ID_MASINA, MARCA, MODEL, CULOARE, PRET, STOC, DETALII) VALUES (1,'Audi','A4','Roz',1000,1,'Noua\,an 2021');
 INSERT INTO MASINA (ID_MASINA, MARCA, MODEL, CULOARE, PRET, STOC, DETALII) VALUES (6,'Renault','Megane','Verde',2500,1,'an 2002\, stare proasta');




INSERT INTO CARTE_DE_MUNCA(ID, CUI_FIRMA, ID_ANGAJAT, DATA_ANGAJARE, DATA_SFARSIT, DETALII) VALUES (4,78618479,4,'09/08/2015','09/08/2018','');
INSERT INTO CARTE_DE_MUNCA(ID, CUI_FIRMA, ID_ANGAJAT, DATA_ANGAJARE, DATA_SFARSIT, DETALII) VALUES (5,78618479,5,'10/10/2012','10/10/2019','');
INSERT INTO CARTE_DE_MUNCA(ID, CUI_FIRMA, ID_ANGAJAT, DATA_ANGAJARE, DATA_SFARSIT, DETALII) VALUES (6,78618479,6,'12/01/2016','11/01/2017','');
INSERT INTO CARTE_DE_MUNCA(ID, CUI_FIRMA, ID_ANGAJAT, DATA_ANGAJARE, DATA_SFARSIT, DETALII) VALUES (2,78618479,2,'02/20/2010','05/07/2019','');
INSERT INTO CARTE_DE_MUNCA(ID, CUI_FIRMA, ID_ANGAJAT, DATA_ANGAJARE, DATA_SFARSIT, DETALII) VALUES (1,78618479,1,'05/05/2010','05/05/2020','');
INSERT INTO CARTE_DE_MUNCA(ID, CUI_FIRMA, ID_ANGAJAT, DATA_ANGAJARE, DATA_SFARSIT, DETALII) VALUES (3,78618479,3,'04/30/2012','05/30/2017','');






INSERT INTO CONTRACT (ID_CONTRACT, ID_CLIENT, ID_SEDIU, ID_ANGAJAT, ID_MASINA, DATA_INTOCMIRE, VALOARE, GARANTIE, DESCRIERE) 
	VALUES (6,1880415188271,2,1,9,'01/27/2020',18000,2,'');
INSERT INTO CONTRACT (ID_CONTRACT, ID_CLIENT, ID_SEDIU, ID_ANGAJAT, ID_MASINA, DATA_INTOCMIRE, VALOARE, GARANTIE, DESCRIERE) 
	VALUES (7,6210409016528,6,2,4,'02/02/2020',39999,1,'');
INSERT INTO CONTRACT (ID_CONTRACT, ID_CLIENT, ID_SEDIU, ID_ANGAJAT, ID_MASINA, DATA_INTOCMIRE, VALOARE, GARANTIE, DESCRIERE) 
	VALUES (10,1800206358933,8,9,9,'03/19/2016',18000,10,'');
INSERT INTO CONTRACT (ID_CONTRACT, ID_CLIENT, ID_SEDIU, ID_ANGAJAT, ID_MASINA, DATA_INTOCMIRE, VALOARE, GARANTIE, DESCRIERE) 
	VALUES (13,1870707325504,13,11,9,'05/01/2021',18000,1,'');
INSERT INTO CONTRACT (ID_CONTRACT, ID_CLIENT, ID_SEDIU, ID_ANGAJAT, ID_MASINA, DATA_INTOCMIRE, VALOARE, GARANTIE, DESCRIERE) 
	VALUES (5,1870707325504,3,4,8,'09/17/2018',1000,0,'');
INSERT INTO CONTRACT (ID_CONTRACT, ID_CLIENT, ID_SEDIU, ID_ANGAJAT, ID_MASINA, DATA_INTOCMIRE, VALOARE, GARANTIE, DESCRIERE) 
	VALUES (9,1880715225153,7,7,7,'08/01/2014',2959,0,'');
INSERT INTO CONTRACT (ID_CONTRACT, ID_CLIENT, ID_SEDIU, ID_ANGAJAT, ID_MASINA, DATA_INTOCMIRE, VALOARE, GARANTIE, DESCRIERE) 
	VALUES (1,5020524375472,1,3,3,'10/10/2017',7500,2,'Contract incheiat cu plata integrala');
INSERT INTO CONTRACT (ID_CONTRACT, ID_CLIENT, ID_SEDIU, ID_ANGAJAT, ID_MASINA, DATA_INTOCMIRE, VALOARE, GARANTIE, DESCRIERE) 
	VALUES (8,1880415319472,9,8,2,'09/13/2014',20000,2,'');
INSERT INTO CONTRACT (ID_CONTRACT, ID_CLIENT, ID_SEDIU, ID_ANGAJAT, ID_MASINA, DATA_INTOCMIRE, VALOARE, GARANTIE, DESCRIERE) 
	VALUES (12,8801216459250,11,12,6,'08/27/2019',2500,1,'');
INSERT INTO CONTRACT (ID_CONTRACT, ID_CLIENT, ID_SEDIU, ID_ANGAJAT, ID_MASINA, DATA_INTOCMIRE, VALOARE, GARANTIE, DESCRIERE) 
	VALUES (14,7711223517268,12,13,3,'09/12/2012',7500,3,'');
INSERT INTO CONTRACT (ID_CONTRACT, ID_CLIENT, ID_SEDIU, ID_ANGAJAT, ID_MASINA, DATA_INTOCMIRE, VALOARE, GARANTIE, DESCRIERE) 
	VALUES (2,5021111375677,2,1,1,'10/30/2018',1000,1,'Plata in 24 de rate');
INSERT INTO CONTRACT (ID_CONTRACT, ID_CLIENT, ID_SEDIU, ID_ANGAJAT, ID_MASINA, DATA_INTOCMIRE, VALOARE, GARANTIE, DESCRIERE) 
	VALUES (3,5020725375835,5,6,10,'08/01/2019',30000,5,'');
INSERT INTO CONTRACT (ID_CONTRACT, ID_CLIENT, ID_SEDIU, ID_ANGAJAT, ID_MASINA, DATA_INTOCMIRE, VALOARE, GARANTIE, DESCRIERE) 
	VALUES (4,5020425375400,4,5,4,'02/20/2020',39999,2,'plata in 120 rate');
INSERT INTO CONTRACT (ID_CONTRACT, ID_CLIENT, ID_SEDIU, ID_ANGAJAT, ID_MASINA, DATA_INTOCMIRE, VALOARE, GARANTIE, DESCRIERE) 
	VALUES (11,7711223517268,10,10,5,'07/19/2018',4000,1,'');

-- BONUS
/* language: plsql */

SET SERVEROUTPUT ON

DECLARE
    id_contract_val NUMBER(5,0);
    detalii VARCHAR2(100);
    nume VARCHAR2(30);
    prenume VARCHAR2(30);
    pret NUMBER(6,0);

BEGIN
    id_contract_val := 14;
    
    SELECT 
        CONTRACT.DESCRIERE INTO detalii,
        CLIENT.NUME INTO nume,
        CLIENT.PRENUME INTO prenume,
        CONTRACT.VALOARE INTO pret
    FROM  CONTRACT, CLIENT
    JOIN CLIENT ON CONTRACT.ID_CLIENT = CLIENT.CNP
    WHERE CONTRACT.ID_CONTRACT = id_contract_val;

    DBMS_OUTPUT.PUT_LINE('Id_contract: ' || id_contract_val);
    DBMS_OUTPUT.PUT_LINE('Nume client: ' || nume || ' ' || prenume || ', Suma totală: ' || pret);
    DBMS_OUTPUT.PUT_LINE('Detalii contract: ' || detalii);

EXCEPTION
    WHEN NO_DATA_FOUND THEN
        DBMS_OUTPUT.PUT_LINE('Nu s-au găsit date pentru contractul cu ID-ul ' || id_contract_val);
    WHEN OTHERS THEN
        DBMS_OUTPUT.PUT_LINE('A apărut o eroare: ' || SQLERRM);

END;
/
